{"v":"5.6.10","fr":25,"ip":0,"op":29,"w":104,"h":104,"nm":"Comp 4","ddd":0,"assets":[{"id":"image_0","w":104,"h":104,"u":"images/","p":"img_0.png","e":0},{"id":"image_1","w":74,"h":66,"u":"images/","p":"img_1.png","e":0},{"id":"image_2","w":104,"h":104,"u":"images/","p":"img_2.jpg","e":0}],"layers":[{"ddd":0,"ind":1,"ty":2,"nm":"\ufffd\ufffd\ufffd\ufffd_Comp 4_2021-03-26_14.58.25.png","cl":"58 25 png","td":1,"refId":"image_0","sr":1,"ks":{"o":{"a":0,"k":100,"ix":11},"r":{"a":0,"k":0,"ix":10},"p":{"a":0,"k":[52,52,0],"ix":2},"a":{"a":0,"k":[52,52,0],"ix":1},"s":{"a":0,"k":[100,100,100],"ix":6}},"ao":0,"ip":0,"op":150,"st":0,"bm":0},{"ddd":0,"ind":2,"ty":4,"nm":"图层 1","tt":1,"sr":1,"ks":{"o":{"a":0,"k":100,"ix":11},"r":{"a":0,"k":0,"ix":10},"p":{"a":0,"k":[38.8,57.75,0],"ix":2},"a":{"a":0,"k":[-96.701,121.823,0],"ix":1},"s":{"a":0,"k":[100,100,100],"ix":6}},"ao":0,"shapes":[{"ty":"gr","it":[{"ind":0,"ty":"sh","ix":1,"ks":{"a":0,"k":{"i":[[0,0],[0,0],[0,0],[0,0],[0,0],[0,0],[0,0]],"o":[[0,0],[0,0],[0,0],[0,0],[0,0],[0,0],[0,0]],"v":[[-149.501,122],[-87.25,121.928],[-84.917,124.888],[-78.266,113.176],[-71.873,130.326],[-68.167,122.929],[-17.5,123.001]],"c":false},"ix":2},"nm":"路径 1","mn":"ADBE Vector Shape - Group","hd":false},{"ty":"st","c":{"a":0,"k":[1,0.901960784314,0.811764705882,1],"ix":3},"o":{"a":0,"k":100,"ix":4},"w":{"a":0,"k":3,"ix":5},"lc":2,"lj":2,"bm":0,"nm":"Stroke 1","mn":"ADBE Vector Graphic - Stroke","hd":false},{"ty":"tr","p":{"a":0,"k":[0,0],"ix":2},"a":{"a":0,"k":[0,0],"ix":1},"s":{"a":0,"k":[100,100],"ix":3},"r":{"a":0,"k":0,"ix":6},"o":{"a":0,"k":100,"ix":7},"sk":{"a":0,"k":0,"ix":4},"sa":{"a":0,"k":0,"ix":5},"nm":"Transform"}],"nm":"组 1","np":2,"cix":2,"bm":0,"ix":1,"mn":"ADBE Vector Group","hd":false},{"ty":"tm","s":{"a":0,"k":0,"ix":1},"e":{"a":1,"k":[{"i":{"x":[0.58],"y":[1]},"o":{"x":[0.001],"y":[0]},"t":0,"s":[18],"e":[78]},{"t":23}],"ix":2},"o":{"a":0,"k":0,"ix":3},"m":1,"ix":2,"nm":"修剪路径 1","mn":"ADBE Vector Filter - Trim","hd":false}],"ip":0,"op":150,"st":0,"bm":0},{"ddd":0,"ind":3,"ty":2,"nm":"组 1","refId":"image_1","sr":1,"ks":{"o":{"a":0,"k":100,"ix":11},"r":{"a":0,"k":0,"ix":10},"p":{"a":0,"k":[52,54,0],"ix":2},"a":{"a":0,"k":[37,33,0],"ix":1},"s":{"a":1,"k":[{"i":{"x":[0.32,0.32,0.32],"y":[0.96,0.96,1]},"o":{"x":[0.26,0.26,0.26],"y":[0.176,0.176,0]},"t":5,"s":[100,100,100],"e":[120,120,100]},{"i":{"x":[0.32,0.32,0.32],"y":[0.956,0.956,1]},"o":{"x":[0.26,0.26,0.26],"y":[-0.009,-0.009,0]},"t":10,"s":[120,120,100],"e":[85,85,100]},{"i":{"x":[0.32,0.32,0.32],"y":[0.95,0.95,1]},"o":{"x":[0.26,0.26,0.26],"y":[-0.024,-0.024,0]},"t":15,"s":[85,85,100],"e":[110,110,100]},{"i":{"x":[0.24,0.24,0.24],"y":[1,1,1]},"o":{"x":[0.26,0.26,0.26],"y":[-0.076,-0.076,0]},"t":20,"s":[110,110,100],"e":[100,100,100]},{"t":28}],"ix":6}},"ao":0,"ip":0,"op":250,"st":0,"bm":0},{"ddd":0,"ind":4,"ty":2,"nm":"bg","refId":"image_2","sr":1,"ks":{"o":{"a":0,"k":100,"ix":11},"r":{"a":0,"k":0,"ix":10},"p":{"a":0,"k":[52,52,0],"ix":2},"a":{"a":0,"k":[52,52,0],"ix":1},"s":{"a":0,"k":[100,100,100],"ix":6}},"ao":0,"hasMask":true,"masksProperties":[{"inv":false,"mode":"a","pt":{"a":0,"k":{"i":[[0,0],[0,0],[0,0],[0,0],[0,0],[0,0],[0,0],[0,0],[0,0],[0,0],[0,0],[0,0],[0,0],[0,0],[0,0],[0,0],[0,0],[0,0],[0,0],[0,0],[0,0],[0,0],[0,0],[0,0],[0,0],[0,0],[0,0],[0,0],[0,0],[0,0],[0,0],[0,0],[0,0],[0,0],[0,0],[0,0],[0,0],[0,0],[0,0],[0,0],[0,0],[0,0],[0,0],[0,0],[0,0],[0,0],[0,0],[0,0],[0,0],[0,0],[0,0],[0,0],[0,0],[0,0],[0,0],[0,0],[0,0],[0,0],[0,0],[0,0],[0,0],[0,0],[0,0],[0,0],[0,0],[0,0],[0,0],[0,0],[0,0],[0,0],[0,0],[0,0],[0,0],[0,0],[0,0],[0,0],[0,0],[0,0],[0,0],[0,0],[0,0],[0,0],[0,0],[0,0],[0,0],[0,0],[0,0],[0,0],[0,0],[0,0],[0,0],[0,0],[0,0],[0,0],[0,0],[0,0],[0,0],[0,0],[0,0],[0,0],[0,0],[0,0]],"o":[[0,0],[0,0],[0,0],[0,0],[0,0],[0,0],[0,0],[0,0],[0,0],[0,0],[0,0],[0,0],[0,0],[0,0],[0,0],[0,0],[0,0],[0,0],[0,0],[0,0],[0,0],[0,0],[0,0],[0,0],[0,0],[0,0],[0,0],[0,0],[0,0],[0,0],[0,0],[0,0],[0,0],[0,0],[0,0],[0,0],[0,0],[0,0],[0,0],[0,0],[0,0],[0,0],[0,0],[0,0],[0,0],[0,0],[0,0],[0,0],[0,0],[0,0],[0,0],[0,0],[0,0],[0,0],[0,0],[0,0],[0,0],[0,0],[0,0],[0,0],[0,0],[0,0],[0,0],[0,0],[0,0],[0,0],[0,0],[0,0],[0,0],[0,0],[0,0],[0,0],[0,0],[0,0],[0,0],[0,0],[0,0],[0,0],[0,0],[0,0],[0,0],[0,0],[0,0],[0,0],[0,0],[0,0],[0,0],[0,0],[0,0],[0,0],[0,0],[0,0],[0,0],[0,0],[0,0],[0,0],[0,0],[0,0],[0,0],[0,0],[0,0],[0,0]],"v":[[103.994,51.999],[103.951,68.408],[103.823,73.884],[103.608,77.877],[103.307,81.117],[102.918,83.874],[102.441,86.286],[101.872,88.429],[101.211,90.353],[100.454,92.091],[99.599,93.667],[98.642,95.099],[97.578,96.399],[96.399,97.578],[95.099,98.642],[93.667,99.6],[92.091,100.454],[90.353,101.211],[88.429,101.872],[86.285,102.441],[83.875,102.919],[81.116,103.307],[77.877,103.608],[73.884,103.823],[68.408,103.951],[52.028,103.994],[35.59,103.951],[30.113,103.823],[26.121,103.608],[22.882,103.307],[20.123,102.919],[17.712,102.441],[15.569,101.872],[13.645,101.211],[11.907,100.454],[10.331,99.6],[8.899,98.642],[7.598,97.578],[6.42,96.399],[5.356,95.099],[4.398,93.667],[3.543,92.091],[2.787,90.353],[2.125,88.429],[1.557,86.286],[1.079,83.874],[0.69,81.117],[0.389,77.877],[0.175,73.884],[0.047,68.408],[0.003,52.038],[0.047,35.59],[0.175,30.113],[0.389,26.121],[0.69,22.881],[1.079,20.123],[1.557,17.712],[2.125,15.569],[2.787,13.645],[3.543,11.907],[4.398,10.331],[5.356,8.899],[6.42,7.599],[7.598,6.42],[8.899,5.356],[10.331,4.398],[11.907,3.544],[13.645,2.787],[15.569,2.126],[17.712,1.557],[20.123,1.08],[22.882,0.69],[26.121,0.389],[30.113,0.175],[35.59,0.046],[51.953,0.003],[68.408,0.046],[73.884,0.175],[77.877,0.389],[81.116,0.69],[83.875,1.08],[86.285,1.557],[88.429,2.126],[90.353,2.787],[92.091,3.544],[93.667,4.398],[95.099,5.356],[96.399,6.42],[97.578,7.599],[98.642,8.899],[99.599,10.331],[100.454,11.907],[101.211,13.645],[101.872,15.569],[102.441,17.712],[102.918,20.123],[103.307,22.881],[103.608,26.121],[103.823,30.113],[103.951,35.59],[103.994,51.947],[103.994,51.999]],"c":true},"ix":1},"o":{"a":0,"k":100,"ix":3},"x":{"a":0,"k":0,"ix":4},"nm":"Mask 1"}],"ip":0,"op":250,"st":0,"bm":0}],"markers":[]}